caretaker,owner,pet_name,review,rating,mode_of_transport,bid_date_time,credit_card,completed,start_date,end_date
sgiacomozzoi,rpinkerton8,Long-billed cockatoo,Good service,5,Transfer through PCS Building,6/23/2019,85735,TRUE,6/25/2019,6/25/2019
sgiacomozzoi,astather2,"Constrictor, eastern boa",,,Transfer through PCS Building,6/21/2019,54456,FALSE,6/27/2019,6/26/2019
bmcgrottym,mgreenhow4,American bison,Very caring,3,Transfer through PCS Building,6/21/2019,23168,TRUE,6/26/2019,6/26/2019
ckitleeg,astather2,Common wolf,,,Care Taker Pick Up,6/22/2019,34141,FALSE,6/26/2019,6/26/2019
imichelottij,astather2,Common wolf,,,Care Taker Pick Up,6/22/2019,58521,FALSE,6/26/2019,6/27/2019
